Discord,UserID,Main Character,IGN,Level,Class,Culvert Growth,Max Culvert,5% Variance,Base Culvert,Done Culvert,Night Flag,Sunset Flag,Day Flag,October Culvert,September Culvert,10/29,10/22,10/15,10/8,10/1,9/24,9/17,9/10,9/3,August Culvert,8/27,8/20,8/13,8/6,July Culvert,7/30,7/23,7/16,7/9,7/2,June Culvert,,6/25,6/18,6/4,May Culvert,May Flag,5/28,5/21,5/14,5/7,Sunset,Day,Night,Sunset,April Culvert,April Flag,4/30,4/23,4/16,4/9,4/2,Day Flag,Night Flag,Sunset Flag,Day Flag,Night Flag,March Culvert,March Flag,February Culvert,February Flag,3/26/2023,3/19/2023,3/12/2023,3/5/2023,Sunset Flag,Day Flag,Night Flag,Sunset Flag,2/26/2023,2/19/2023,2/12/2023,2/5/2023,Day Flag,Night Flag,Sunset Flag,Day Flag,January Culvert,January Flag,1/29/2023,1/22/2023,1/15/2023,1/8/2023,Night Flag,Sunset Flag,Day Flag,Night Flag
zenlos,101094647773798400,Yes,14pm,245,Marksman,66.88%,514,488,308,FALSE,0,0,0,3/3,1/1,,514,446,291,308,,,,,,,,,,,,,,,,,,,,,,,,,,,,,,,,,,,,,,,,,,,,,,,,,,,,,,,,,,,,,,,,,,,,,,,,
kaiser22_,235858623710887939,No,22allabgib,256,Dawn Warrior,19.92%,"1,505","1,430","1,255",FALSE,0,0,0,0/3,2/5,,0,0,0,0,0,"1,180","1,306",0,2/4,0,"1,447",0,"1,505",3/5,0,"1,063",0,"1,471","1,255",,,,,,,,,,,,,,,,,,,,,,,,,,,,,,,,,,,,,,,,,,,,,,,,,,,,,,,,,
,,Yes,6Flows,245,Arch Mage (I/L),18.62%,516,490,435,FALSE,0,0,0,1/3,1/2,,0,0,516,0,435,,,,,,,,,,,,,,,,,,,,,,,,,,,,,,,,,,,,,,,,,,,,,,,,,,,,,,,,,,,,,,,,,,,,,,,
spamjunkie,156159913742041088,Yes,Abreshud,242,Khali,838.71%,291,276,31,TRUE,0,0,0,0/3,1/5,,0,0,0,0,0,0,0,291,3/4,209,0,163,153,3/4,0,130,102,31,,,,,,,,,,,,,,,,,,,,,,,,,,,,,,,,,,,,,,,,,,,,,,,,,,,,,,,,,,
crism,267134799548776449,Unknown,aeWinter,232,Wind Archer,229.79%,155,147,47,FALSE,0,0,0,0/3,0/5,,0,0,0,0,0,0,0,0,2/4,155,0,0,151,5/5,142,145,138,137,117,2/2,,58,47,,,,,,,,,,,,,,,,,,,,,,,,,,,,,,,,,,,,,,,,,,,,,,,,,,,,,
xmasghost,108822035777482752,Yes,Affvocado,247,Arch Mage (F/P),100.66%,303,288,151,TRUE,0,0,0,2/3,2/5,,250,0,198,0,232,0,0,303,3/3,248,150,151,,,,,,,,,,,,,,,,,,,,,,,,,,,,,,,,,,,,,,,,,,,,,,,,,,,,,,,,,,,,,,,,
aihori,152919310795407360,No,Aihoriya,256,Kanna,95.13%,"2,802","2,662","1,436",TRUE,0,100,300,1/3,3/5,,0,"2,231",0,0,0,"2,269","1,235","2,675",2/4,0,0,"2,802","2,463",1/5,0,0,"2,477",0,0,2/3,,"2,108",0,"2,509",2/3,2/3,"2,528",0,"1,436",,300,0,100,,,,,,,,,,,,,,,,,,,,,,,,,,,,,,,,,,,,,,,,,,,
aihori,152919310795407360,No,Aihoya,238,Dawn Warrior,136.80%,"1,480","1,406",625,FALSE,0,0,0,1/3,3/5,,0,0,"1,480",0,"1,293","1,399",752,0,2/4,"1,318",0,0,"1,073",3/4,"1,080",959,0,625,,,,,,,,,,,,,,,,,,,,,,,,,,,,,,,,,,,,,,,,,,,,,,,,,,,,,,,,,,
aliwosu,820893177417564162,No,AliPathi,235,Pathfinder,11.86%,434,412,388,FALSE,550,"1,000",650,0/3,0/5,,0,0,0,0,0,0,0,0,0/4,0,0,0,0,0/5,0,0,0,0,0,1/3,,0,0,337,4/4,4/4,333,300,276,290,400,400,650,650,5/5,5/5,310,312,434,364,259,250,250,"1,000",400,350,4/4,3/4,3/3,3/3,416,396,389,388,0,550,550,550,,298,278,318,,400,650,100,4/4,4/4,329,322,324,389,300,650,250,100
lisete,71701372654858240,Yes,Alyxs,245,Bishop,108.06%,439,417,211,FALSE,100,100,100,0/3,0/5,,0,0,0,0,0,0,0,0,0/4,0,0,0,0,0/5,0,0,0,0,0,0/3,,0,0,0,0/4,0/4,0,0,0,0,0,0,0,0,0/5,0/5,0,0,0,0,0,0,0,0,0,0,3/4,3/4,,,0,439,266,211,0,100,100,100,,,,,,,,,,,,,,,,,,
xeunie,196528329359228928,Yes,Anny,262,Dawn Warrior,111.52%,"4,002",,"1,892",FALSE,0,0,0,0/3,0/5,,0,0,0,0,0,0,0,0,0/0,,,,,,,,,,,,,,,,,,"4,002",,,,,,,,,,,,,,,,,,,,,,,,,,,,,,,,,,,,,,,,,,,,,,,,,
ansidox,162679662634467328,Unknown,AnsidoxSnow,253,Arch Mage (I/L),52.11%,"1,553","1,475","1,021",FALSE,100,200,100,0/3,1/5,,0,0,0,0,0,0,0,"1,510",0/4,0,0,0,0,0/5,0,0,0,0,0,1/3,,"1,277",0,0,0/4,0/4,0,0,0,0,0,0,0,0,4/5,4/5,0,"1,028","1,553","1,346","1,329",0,100,100,100,100,4/4,4/4,3/3,3/3,"1,336","1,123","1,173",937,200,100,100,100,,976,"1,123","1,161",,100,200,100,4/4,4/4,"1,117",817,"1,096","1,075",100,100,100,100
cha6171,127657991867465728,No,ArblazeIt,250,Arch Mage (F/P),18.44%,"2,961","2,813","2,500",TRUE,"1,000","1,000","1,000",2/3,4/5,,0,"1,626","2,034","1,525","1,497","1,648","2,864",0,4/4,"1,679","1,737","2,820","2,894",5/5,"2,662","2,961","2,814","1,504","1,830",3/3,,"1,952","2,688","2,392",4/4,4/4,"2,284","1,856","2,171","2,030","1,000",450,800,"1,000",5/5,4/5,"1,808","1,670","1,924","1,788",959,550,800,"1,000",0,550,4/4,3/4,3/3,2/3,"1,783","1,846","1,593","1,830",650,650,450,0,,"1,202","1,808","1,796",,"1,000",0,"1,000",4/4,3/4,"1,712","1,233","1,991","2,092",800,0,"1,000",800
theoriginalmepole,315300881279090688,No,Arcanists,271,Battle Mage,480.87%,"11,751","11,163","2,023",TRUE,0,0,"1,000",3/3,5/5,,"11,751","10,890","11,266","6,498","10,706","11,071","9,753","10,992",4/4,"10,870","4,130","8,192","10,850",4/5,"8,044",0,"7,641","8,770","6,023",3/3,,"4,579","5,687","6,159",4/4,2/4,"6,197","5,950","5,468","4,002","1,000",800,0,0,5/5,0/5,"4,391","4,423","3,941","3,973","4,025",0,0,0,0,0,0/4,0/4,0/3,0/3,0,0,0,0,0,0,0,0,,0,0,0,,0,0,0,2/4,0/4,0,"3,537",0,"2,757",0,0,0,0
khaysinh,219619537987960832,Unknown,archabg,255,Bowmaster,115.44%,"1,465","1,392",680,TRUE,0,0,0,2/3,2/5,,0,"1,465",649,649,0,0,"1,208",0,3/4,"1,242",0,497,722,1/2,0,680,,,,,,,,,,,,,,,,,,,,,,,,,,,,,,,,,,,,,,,,,,,,,,,,,,,,,,,,,,,,
darkyoshimo,220394266470383616,No,ArcherIval,233,Wind Archer,62.38%,872,828,537,TRUE,,,,3/3,5/5,,872,723,695,593,554,673,630,780,4/4,797,707,742,801,4/5,679,577,558,0,537,,,,,,,,,,,,,,,,,,,,,,,,,,,,,,,,,,,,,,,,,,,,,,,,,,,,,,,,,
singing_emoji,340848283242987521,Unknown,Artial,250,Shadower,77.48%,394,374,222,TRUE,,,,3/3,5/5,,331,332,394,385,357,325,320,311,3/3,253,262,222,,,,,,,,,,,,,,,,,,,,,,,,,,,,,,,,,,,,,,,,,,,,,,,,,,,,,,,,,,,,,,,,
aru_ura,105496885933924352,Yes,AruBow,251,Bowmaster,93.58%,724,688,374,TRUE,,,,0/3,0/5,,0,0,0,0,0,0,0,0,3/4,696,698,724,0,3/5,0,326,0,283,374,,,,,,,,,,,,,,,,,,,,,,,,,,,,,,,,,,,,,,,,,,,,,,,,,,,,,,,,,
_aurorafae,213621704407121920,Yes,Atarae,257,Adele,156.76%,"4,121","3,915","1,605",TRUE,0,0,100,3/3,5/5,,"3,755","4,121","3,491","3,406","3,446","3,398","3,141","3,357",4/4,"3,131","3,118","2,525","2,390",5/5,"2,389","2,349","2,138","1,879","1,986",3/3,,"1,939","1,742","1,541",1/1,1/1,"1,605",,,,100,,,,,,,,,,,,,,,,,,,,,,,,,,,,,,,,,,,,,,,,,,,,,
tommii,204449761732853760,Unknown,Ateter,251,Night Lord,75.76%,638,606,363,TRUE,0,0,0,2/3,3/5,,0,576,546,0,483,604,0,638,3/4,634,572,494,0,1/2,0,363,,,,,,,,,,,,,,,,,,,,,,,,,,,,,,,,,,,,,,,,,,,,,,,,,,,,,,,,,,,,
atobe112,232462718693539840,No,Atobe112,262,Dawn Warrior,109.76%,"3,698","3,513","1,763",TRUE,0,0,0,3/3,5/5,,"3,352","3,488","2,864","3,314","1,542","2,380","3,466","2,612",4/4,"3,698","3,420","3,197","3,147",5/5,"2,831","2,236","3,063","2,242","2,339",3/3,,"3,176","2,082","2,859",4/4,0/4,"2,771","2,979","2,971","2,435",0,0,0,0,5/5,0/5,"1,359","1,779","2,264","2,462","1,644",0,0,0,0,0,1/1,0/1,,,"1,763",,,,0,,,,,,,,,,,,,,,,,,,,,
whysongu,379416413896441877,Unknown,BaoDaddy,251,Night Walker,68.28%,488,464,290,FALSE,0,0,0,0/3,0/5,,0,0,0,0,0,0,0,0,3/4,422,488,0,301,1/1,290,,,,,,,,,,,,,,,,,,,,,,,,,,,,,,,,,,,,,,,,,,,,,,,,,,,,,,,,,,,,,
basa_,177767972817993728,Unknown,Basa,254,Shadower,236.38%,"1,507","1,432",448,TRUE,0,0,0,0/3,4/5,,0,0,0,741,"1,123","1,190",0,"1,507",4/4,"1,170","1,020",807,543,1/1,448,,,,,,,,,,,,,,,,,,,,,,,,,,,,,,,,,,,,,,,,,,,,,,,,,,,,,,,,,,,,,
pbop1514,228318554489880587,Yes,BeachHealer,255,Bishop,410.27%,745,708,146,FALSE,0,0,0,0/3,2/5,,0,0,0,0,0,745,0,570,2/4,462,0,0,461,5/5,405,311,357,299,226,1/1,,146,,,,,,,,,,,,,,,,,,,,,,,,,,,,,,,,,,,,,,,,,,,,,,,,,,,,,,
bididoof,146144844828377088,Unknown,Bididdoof,251,Adele,35.14%,"1,373","1,304","1,016",TRUE,0,0,0,2/3,5/5,,"1,316",0,"1,267","1,203","1,373","1,303","1,235","1,270",4/4,"1,098","1,269","1,199","1,287",4/5,"1,228",0,"1,233","1,200","1,016",,,,,,,,,,,,,,,,,,,,,,,,,,,,,,,,,,,,,,,,,,,,,,,,,,,,,,,,,
chronooo,128442423323000832,Yes,Bjornum,253,Kinesis,181.96%,"3,158","3,000","1,120",FALSE,100,100,100,2/3,3/5,,"3,158",0,"2,945","2,831","2,638",0,"2,675",0,2/4,0,"2,494",0,"2,613",2/5,"2,325","2,094",0,0,0,3/3,,"2,456","2,326","2,554",4/4,2/4,"2,229","2,072","1,955","1,816",0,0,100,100,0/5,1/5,0,0,0,0,0,100,0,0,0,0,3/4,2/4,2/3,2/3,"1,930","1,825",0,"1,858",0,100,0,100,,"1,659","1,749",0,,100,100,0,4/4,2/4,"1,570","1,597","1,422","1,284",100,0,100,0
mr2194,662802613615460399,Yes,Bonez,240,Kain,507.58%,401,381,66,TRUE,0,0,0,0/3,4/5,,0,0,0,239,0,277,401,374,2/4,0,0,222,171,3/4,116,110,0,66,,,,,,,,,,,,,,,,,,,,,,,,,,,,,,,,,,,,,,,,,,,,,,,,,,,,,,,,,,
bookofdays,82997943187013632,Yes,BookOfEvan,280,Dawn Warrior,74.15%,"16,462","15,639","9,453",FALSE,250,550,350,2/3,1/5,,"14,641",0,"14,599",0,0,0,"13,564",0,2/4,"15,178",0,0,"14,948",3/5,"15,040",0,"11,518",0,"13,741",2/3,,"14,831",0,"14,324",4/4,1/4,"16,462","12,409","13,613","13,650",0,0,200,0,3/5,4/5,"9,901",0,"10,765","10,933",0,300,0,550,350,100,3/4,2/4,1/3,3/3,"10,706",0,"9,469","9,507",450,0,200,0,,0,"9,750",0,,100,200,100,4/4,4/4,"10,137","10,208","9,786","9,762",100,350,100,250
hwyn,188655571069698049,No,Boopyn,255,Battle Mage,33.39%,723,687,542,FALSE,0,0,0,0/3,0/5,,0,0,0,0,0,0,0,0,0/4,0,0,0,0,2/5,0,0,0,723,542,0/0,,,,,,,,,,,,,,,,,,,,,,,,,,,,,,,,,,,,,,,,,,,,,,,,,,,,,,,,
chaewonfan0801,150088108929581056,Yes,chaewonnnnnn,249,Khali,133.42%,915,,392,FALSE,,,,3/3,,,915,613,392,,,,,,,,,,,,,,,,,,,,,,,,,,,,,,,,,,,,,,,,,,,,,,,,,,,,,,,,,,,,,,,,,,,,,,,,,
ydna_,205076584158199817,Yes,chikenG0D,267,Dark Knight,720.92%,"3,768","3,580",459,FALSE,100,200,200,0/3,1/5,,0,0,0,0,0,"3,086",0,0,0/4,0,0,0,0,4/5,"3,768",0,"3,288","3,215","2,441",3/3,,"2,392","2,698","2,561",3/4,3/4,0,"2,310","2,337","2,111",0,100,100,100,5/5,5/5,"2,086","2,022","2,019","2,075","1,938",200,100,100,100,100,4/4,4/4,3/3,3/3,"1,743","1,278","1,088","1,160",200,200,100,100,,999,993,844,,100,200,100,3/4,3/4,0,709,614,615,0,100,100,100
jeps,138180953158844416,No,comfycloud,250,Bishop,446.56%,716,680,131,FALSE,250,0,300,1/3,1/5,,0,716,0,541,0,0,0,0,0/4,0,0,0,0,2/5,147,131,0,0,0,0/3,,0,0,0,0/4,0/4,0,0,0,0,0,0,0,0,0/5,2/5,0,0,0,0,0,0,0,0,300,250,0/0,0/0,,,,,,,,,,,,,,,,,,,,,,,,,,,,
crispypanda.,748335548808167436,No,CrispyPandaF,244,Beast Tamer,155.75%,445,423,174,TRUE,0,0,0,2/3,5/5,,0,353,445,408,340,273,313,310,4/4,312,363,271,344,5/5,267,241,212,192,156,1/1,,174,,,,,,,,,,,,,,,,,,,,,,,,,,,,,,,,,,,,,,,,,,,,,,,,,,,,,,
raddood,186651018870652928,Unknown,cuteegirl79,254,Shadower,193.68%,"1,533","1,456",522,TRUE,100,100,0,2/3,5/5,,"1,533","1,384",0,"1,276","1,207","1,252","1,228","1,364",3/4,"1,334",0,"1,153","1,185",4/5,896,841,706,862,0,2/3,,818,903,0,4/4,0/4,702,800,674,748,0,0,0,0,5/5,3/5,630,666,695,657,563,0,100,100,0,100,1/1,1/1,,,522,,,,100,,,,,,,,,,,,,,,,,,,,,
asian_lee123,157966896023470081,Yes,DaGrayMage,232,Luminous,6.57%,211,200,198,FALSE,0,0,0,0/3,1/5,,0,0,0,0,0,0,0,211,1/3,0,198,0,,,,,,,,,,,,,,,,,,,,,,,,,,,,,,,,,,,,,,,,,,,,,,,,,,,,,,,,,,,,,,,,
brickyards,689637816606654496,Yes,Dammaru,265,Dawn Warrior,658.82%,"4,257","4,044",561,TRUE,0,0,0,3/3,5/5,,"4,257","4,160","3,733","2,382","2,416","2,039","2,202","1,454",4/4,"1,034","1,684","1,271","1,148",5/5,"1,333","1,020",753,697,543,1/1,,561,,,,,,,,,,,,,,,,,,,,,,,,,,,,,,,,,,,,,,,,,,,,,,,,,,,,,,
tommyzhu123,,Yes,DarkenAngell,275,Adele,50.64%,"6,309","5,994","4,188",TRUE,100,100,100,0/3,3/5,,0,0,0,0,0,"5,767","6,309","5,478",2/4,0,"5,075","5,189",0,3/5,"5,400","4,407","3,544",0,0,0/3,,0,0,0,0/4,0/4,0,0,0,0,0,0,0,0,0/5,0/5,0,0,0,0,0,0,0,0,0,0,0/4,0/4,2/3,2/3,0,0,0,0,0,0,0,0,,"3,554",0,"4,347",,100,0,100,2/4,3/4,0,"4,167","4,104",0,0,100,100,100
shinobiwarrior,267557901374193665,No,darkness324,244,Demon Slayer,53.97%,291,276,189,TRUE,0,0,0,3/3,5/5,,256,266,222,206,285,284,287,291,4/4,233,210,268,177,2/2,214,189,,,,,,,,,,,,,,,,,,,,,,,,,,,,,,,,,,,,,,,,,,,,,,,,,,,,,,,,,,,,
darkyoshimo,220394266470383616,No,Darkyoshimo,255,Hoyoung,130.35%,"3,962","3,764","1,720",TRUE,800,"1,000","1,000",3/3,5/5,,"3,962","3,583","3,526","3,078","3,079","3,594","3,584","3,951",4/4,"3,506","3,885","2,889","2,797",4/5,"2,720","2,899","2,802",0,"2,147",3/3,,"2,157","2,378","2,074",4/4,3/4,"2,336","2,324","2,094","1,911",0,"1,000",800,800,5/5,5/5,"1,700","1,753","1,758","1,705","1,789","1,000",550,"1,000","1,000",550,4/4,4/4,3/3,3/3,"1,661","1,570","1,747","1,745","1,000","1,000",650,"1,000",,"1,658","1,705","1,704",,800,"1,000","1,000",4/4,4/4,"1,568","1,742","1,792","1,831",800,"1,000",800,650
franksworld,317584034517614593,Unknown,DawnOnMee,250,Dawn Warrior,72.22%,868,825,504,TRUE,200,100,300,2/3,5/5,,0,821,816,691,728,658,709,769,4/4,851,831,810,868,5/5,746,701,773,768,788,3/3,,545,698,768,3/4,2/4,750,703,0,604,300,300,0,0,5/5,5/5,511,387,658,298,519,250,200,100,250,100,2/4,2/4,1/3,1/3,0,547,0,480,0,100,0,100,,378,0,0,,100,0,0,2/4,1/4,0,0,419,432,0,0,0,100
DINH#5872,,Yes,Dinhner,240,Blade Master,0.00%,983,934,983,FALSE,0,0,0,1/2,0/0,,983,0,,,,,,,,,,,,,,,,,,,,,,,,,,,,,,,,,,,,,,,,,,,,,,,,,,,,,,,,,,,,,,,,,,,,,,,,,,
.thebutler,191288830567907328,Unknown,dkbutler02,257,Kaiser,296.94%,"1,425","1,354",359,TRUE,100,100,100,3/3,3/5,,"1,425","1,386","1,273",759,0,"1,233","1,284",0,3/4,929,"1,239","1,002",0,3/5,968,"1,061",0,833,0,2/3,,827,907,0,2/4,2/4,0,0,668,542,0,0,100,100,4/5,5/5,581,556,595,589,0,100,100,100,100,100,3/4,3/4,2/2,2/2,0,465,456,410,0,100,100,100,,447,359,,,100,100,,,,,,,,,,,
muncheezy,737865405183426632,Yes,DopeBow,231,Bowmaster,33.10%,193,183,145,FALSE,0,0,0,3/3,1/1,,193,177,162,145,,,,,,,,,,,,,,,,,,,,,,,,,,,,,,,,,,,,,,,,,,,,,,,,,,,,,,,,,,,,,,,,,,,,,,,,
,,Unknown,DualBlade9999,253,Blade Master,145.08%,299,284,122,FALSE,0,0,0,1/3,0/5,,0,299,0,0,0,0,0,0,0/4,0,0,0,0,1/5,0,0,0,195,0,0/3,,0,0,0,0/4,0/4,0,0,0,0,0,0,0,0,0/5,0/5,0,0,0,0,0,0,0,0,0,0,0/4,0/4,1/3,0/3,0,0,0,0,0,0,0,0,,0,122,0,,0,0,0,0/4,0/4,0,0,0,0,0,0,0,0
scallionboy,150119811517644800,No,Edaline,206,Dawn Warrior,15.22%,159,151,138,FALSE,0,0,0,0/3,2/4,,0,0,0,0,0,159,138,,,,,,,,,,,,,,,,,,,,,,,,,,,,,,,,,,,,,,,,,,,,,,,,,,,,,,,,,,,,,,,,,,,,,
aznquan,280188807305756672,Yes,Einace,254,Bowmaster,1017.74%,"1,386","1,317",124,TRUE,0,0,0,2/3,4/5,,890,"1,153",0,"1,151","1,092",0,"1,386","1,096",3/4,0,"1,081","1,092",918,5/5,840,673,669,504,426,2/2,,293,124,,,,,,,,,,,,,,,,,,,,,,,,,,,,,,,,,,,,,,,,,,,,,,,,,,,,,
emsterr,662281183777783819,Yes,emsters,244,Adele,0.00%,133,126,133,FALSE,0,0,0,0/3,0/5,,0,0,0,0,0,0,0,0,0/4,0,0,0,0,1/4,0,0,0,133,,,,,,,,,,,,,,,,,,,,,,,,,,,,,,,,,,,,,,,,,,,,,,,,,,,,,,,,,,
theemulator,104686019709792256,No,EmuNW,235,Night Walker,154.62%,331,314,130,TRUE,0,0,0,3/3,5/5,,331,311,327,232,276,241,219,253,3/3,226,211,130,,,,,,,,,,,,,,,,,,,,,,,,,,,,,,,,,,,,,,,,,,,,,,,,,,,,,,,,,,,,,,,,
tripiepoint,708808817814667275,No,EricBucket,255,Cadena,996.65%,"2,292","2,177",209,TRUE,0,0,800,1/3,2/5,,0,0,"1,600",0,0,"1,541",0,"1,288",4/4,"2,125","2,292","2,281","1,938",5/5,"1,903","1,513","1,358","1,275",745,2/3,,765,429,0,3/4,1/4,412,365,0,283,0,0,0,800,1/1,1/1,209,,,,,450,,,,,,,,,,,,,,,,,,,,,,,,,,,,,,,,,,
lololololol,328943357617504270,Unknown,ErzaScarlion,235,Adele,22.88%,"1,230","1,169","1,001",FALSE,0,0,0,0/3,0/5,,0,0,0,0,0,0,0,0,0/4,0,0,0,0,4/5,0,"1,074","1,230",959,993,3/3,,"1,165",915,998,4/4,0/4,"1,052",987,628,604,0,0,0,0,3/3,0/3,630,"1,054","1,001",,,0,0,0,,,,,,,,,,,,,,,,,,,,,,,,,,,,,,,,
ck615325#5829,,Unknown,EstherDW,251,Dawn Warrior,27.43%,655,622,514,FALSE,0,0,0,3/3,1/2,,570,655,522,541,0,,,,,,,,,,,,,,,,,,,,,,,,,,,,,,,,,,,,,,,,,,,,,,,,,,,,,,,,,,,,,,,,,,,,,,,
,,Unknown,Eunbicakes,261,Kanna,0.00%,"3,403","3,233","3,403",TRUE,0,0,0,0/3,2/5,,0,0,0,0,0,0,"2,202","1,722",3/4,"1,746",0,"2,874","1,919",4/5,"2,372",0,"3,063","1,902","2,433",3/3,,"3,153","2,821","2,889",3/4,0/4,"1,638","1,694","3,069",0,0,0,0,0,3/5,0/5,"2,002","1,720","1,901",0,0,0,0,0,0,0,0/4,0/4,2/3,0/3,0,0,0,0,0,0,0,0,,0,"3,024","1,195",,0,0,0,4/4,0/4,"1,966","3,097","3,249","3,075",0,0,0,0
petorio,194885516330532865,Unknown,Exilic,253,Shadower,2.75%,374,355,364,TRUE,0,0,0,0/3,0/5,,0,0,0,0,0,0,0,0,2/4,0,0,374,284,4/4,293,369,312,364,,,,,,,,,,,,,,,,,,,,,,,,,,,,,,,,,,,,,,,,,,,,,,,,,,,,,,,,,,
impartial,170922553353699328,Unknown,Faulty,258,Pathfinder,49.07%,"3,518","3,342","2,360",FALSE,0,0,0,2/3,1/5,,"3,518",0,"3,222",0,0,"3,213",0,0,1/4,"2,300",0,0,0,1/5,0,"3,258",0,0,0,2/2,,"2,682","2,360",,,,,,,,,,,,,,,,,,,,,,,,,,,,,,,,,,,,,,,,,,,,,,,,,,,,,
slf1remtn,346873474255421440,Unknown,FaytOcean,253,Adele,112.70%,"1,206","1,146",567,TRUE,250,300,200,3/3,4/5,,"1,206","1,050",957,968,934,0,606,949,4/4,892,507,791,890,3/5,676,0,799,0,734,1/3,,0,724,0,0/4,0/4,0,0,0,0,0,0,0,0,0/5,0/5,0,0,0,0,0,0,0,0,0,0,1/4,2/4,1/3,1/3,0,0,673,0,0,0,100,300,,0,0,418,,0,0,200,3/4,3/4,531,0,599,432,250,0,100,100
rangduhang7,164113437650190336,Yes,Feli,253,Night Lord,4817.24%,"1,426","1,355",29,TRUE,0,0,100,3/3,4/5,,"1,426","1,317","1,322","1,144",977,856,0,457,3/4,531,0,404,476,3/5,394,227,0,149,0,2/3,,118,37,0,1/1,1/1,29,,,,100,,,,,,,,,,,,,,,,,,,,,,,,,,,,,,,,,,,,,,,,,,,,,
freshfluffybuns,243812698779942915,Yes,fluffybuns3,253,Thunder Breaker,184.33%,853,810,300,FALSE,0,0,0,0/3,0/5,,0,0,0,0,0,0,0,0,0/4,0,0,0,0,0/5,0,0,0,0,0,0/3,,0,0,0,0/4,0/4,0,0,0,0,0,0,0,0,1/5,0/5,0,0,0,853,0,0,0,0,0,0,2/4,0/4,1/1,0/1,0,456,450,0,0,0,0,0,,300,,,,0,,,,,,,,,,,,
halfness,79476533101592576,No,FocusFiring,241,Wind Archer,0.00%,316,300,316,FALSE,0,0,0,0/3,0/5,,0,0,0,0,0,0,0,0,1/4,0,0,0,316,,,,,,,,,,,,,,,,,,,,,,,,,,,,,,,,,,,,,,,,,,,,,,,,,,,,,,,,,,,,,,,
fossilnet,121536041013215232,Yes,FossilNet,256,Wild Hunter,36.02%,"2,772","2,633","2,038",TRUE,0,0,0,3/3,4/5,,"2,772","2,551","2,573","2,116",0,"2,331","2,298","2,701",4/4,"2,305","1,796","1,921","2,038",,,,,,,,,,,,,,,,,,,,,,,,,,,,,,,,,,,,,,,,,,,,,,,,,,,,,,,,,,,,,,,
jihk,162400274063818753,Unknown,funcaneer,250,Buccaneer,85.26%,641,609,346,TRUE,0,0,0,0/3,2/5,,0,0,0,0,513,0,0,630,2/4,0,0,550,485,4/5,641,0,470,412,330,1/1,,346,,,,,,,,,,,,,,,,,,,,,,,,,,,,,,,,,,,,,,,,,,,,,,,,,,,,,,
FreshPrince#7356,,Yes,GDanny,237,Shadower,0.00%,546,519,546,FALSE,0,0,0,2/2,0/0,,533,546,,,,,,,,,,,,,,,,,,,,,,,,,,,,,,,,,,,,,,,,,,,,,,,,,,,,,,,,,,,,,,,,,,,,,,,,,,
sweatcellgaming,253843003645493249,Yes,GigaCrossbow,285,Marksman,35.71%,"14,080","13,376","10,375",FALSE,0,0,0,3/3,4/5,,"12,705","10,860","10,949",0,"14,080","11,672","9,595","12,426",2/2,"12,885","10,375",,,,,,,,,,,,,,,,,,,,,,,,,,,,,,,,,,,,,,,,,,,,,,,,,,,,,,,,,,,,,,,,,
anima_anima,139208070101336066,Yes,Gloriawhole,,,,0,0,,FALSE,0,0,0,0/1,0/0,,0,,,,,,,,,,,,,,,,,,,,,,,,,,,,,,,,,,,,,,,,,,,,,,,,,,,,,,,,,,,,,,,,,,,,,,,,,,,
.gral,989031361291649025,No,GRal,247,Aran,25.18%,"1,049",997,838,FALSE,0,0,0,3/3,2/2,,"1,049",955,881,898,838,,,,,,,,,,,,,,,,,,,,,,,,,,,,,,,,,,,,,,,,,,,,,,,,,,,,,,,,,,,,,,,,,,,,,,,
joostinkim,689673138706841641,No,gyaradoof,210,Wind Archer,67.86%,141,134,84,FALSE,0,0,0,3/3,0/0,,141,114,84,,,,,,,,,,,,,,,,,,,,,,,,,,,,,,,,,,,,,,,,,,,,,,,,,,,,,,,,,,,,,,,,,,,,,,,,,
byoo77,122784445362208768,Unknown,hardygoat,263,Night Walker,13.73%,"1,599","1,519","1,406",FALSE,0,0,0,2/3,0/0,,"1,599",0,"1,406",,,,,,,,,,,,,,,,,,,,,,,,,,,,,,,,,,,,,,,,,,,,,,,,,,,,,,,,,,,,,,,,,,,,,,,,,
owieoward,256631128411209730,Yes,Hastiludium,254,Wind Archer,315.27%,"3,127","2,971",753,TRUE,0,0,0,0/3,2/5,,0,0,0,0,0,0,"3,127","1,986",3/3,"1,832",770,753,,,,,,,,,,,,,,,,,,,,,,,,,,,,,,,,,,,,,,,,,,,,,,,,,,,,,,,,,,,,,,,,
hrdfndtgmkhkgjdhrsed4yhg,232042856338948096,Yes,hawwkgui,256,Arch Mage (F/P),0.00%,829,788,829,FALSE,0,0,0,3/3,0/0,,751,801,829,,,,,,,,,,,,,,,,,,,,,,,,,,,,,,,,,,,,,,,,,,,,,,,,,,,,,,,,,,,,,,,,,,,,,,,,,
thehennygod,213867755575705601,Yes,HennyGodXO,238,Dawn Warrior,1641.18%,592,562,34,TRUE,0,0,0,3/3,5/5,,517,501,592,279,333,267,234,165,3/3,144,138,34,,,,,,,,,,,,,,,,,,,,,,,,,,,,,,,,,,,,,,,,,,,,,,,,,,,,,,,,,,,,,,,,
scroogyy,170152406808526848,Yes,Herodaz,248,Hero,68.93%,"1,392","1,322",824,FALSE,0,0,0,3/3,2/2,,"1,325","1,392","1,342","1,257",824,,,,,,,,,,,,,,,,,,,,,,,,,,,,,,,,,,,,,,,,,,,,,,,,,,,,,,,,,,,,,,,,,,,,,,,
nguyenpeter,172950330559037440,Yes,HerosBlades,247,Hero,201.89%,480,456,159,TRUE,0,0,0,3/3,4/5,,392,468,358,444,444,0,480,425,4/4,424,284,308,268,3/3,256,231,159,,,,,,,,,,,,,,,,,,,,,,,,,,,,,,,,,,,,,,,,,,,,,,,,,,,,,,,,,,,
paully3580,594677120698155019,Unknown,hoduland,260,Paladin,6.71%,"2,734","2,597","2,562",TRUE,350,350,400,3/3,5/5,,"2,734","2,639","2,548","2,496","2,487","2,503","2,483","2,584",4/4,"2,536","2,586","2,726","2,659",5/5,"2,530","2,530","2,345","2,555","2,375",3/3,,"2,510","2,104","2,561",4/4,4/4,"2,589","2,562","2,439","2,383",400,350,250,350,4/5,4/5,"2,348","2,282",0,"2,315","2,300",350,300,0,250,350,4/4,4/4,3/3,3/3,"2,322","2,364","2,355","2,330",350,300,350,350,,"2,469","2,435","2,658",,300,250,100,2/4,2/4,"2,659",0,0,"2,573",250,0,0,300
9895_1,377357223522729985,Yes,Holymoly122,251,Dawn Warrior,,0,0,,FALSE,0,0,0,0/2,0/0,,0,0,,,,,,,,,,,,,,,,,,,,,,,,,,,,,,,,,,,,,,,,,,,,,,,,,,,,,,,,,,,,,,,,,,,,,,,,,,
hwyn,188655571069698049,Yes,Hwyn,280,Kain,266.81%,"17,152","16,294","4,676",TRUE,100,100,100,3/3,5/5,,"15,636","15,354","12,392","14,517","14,404","13,720","14,288","17,152",4/4,"16,319","13,682","15,585","14,745",5/5,"10,422","10,299","11,237","9,995","10,252",3/3,,"10,004","9,715","8,621",4/4,4/4,"9,083","8,112","8,379","7,729",100,100,100,100,5/5,4/5,"7,741","6,788","7,024","8,248","7,767",100,100,0,100,100,4/4,4/4,3/3,3/3,"7,296","6,891","7,507","5,948",100,100,100,100,,"5,824","5,984","4,735",,100,100,100,2/2,2/2,"4,484","4,676",,,100,100,,
papasmurfette,157631832718966786,Unknown,IamVegeta,221,Buccaneer,0.00%,200,190,200,FALSE,0,0,0,0/3,1/5,,0,0,0,0,0,0,0,176,1/1,200,,,,,,,,,,,,,,,,,,,,,,,,,,,,,,,,,,,,,,,,,,,,,,,,,,,,,,,,,,,,,,,,,,
proxy._.,90590608741134336,Yes,IEDLUMinussy,242,Luminous,0.00%,83,79,83,FALSE,0,0,0,0/3,1/3,,0,0,0,0,0,83,,,,,,,,,,,,,,,,,,,,,,,,,,,,,,,,,,,,,,,,,,,,,,,,,,,,,,,,,,,,,,,,,,,,,,
hieudis,117789515359191044,Yes,Illuminuties,227,Luminous,854.55%,630,599,66,TRUE,0,0,0,3/3,5/5,,481,547,630,316,404,276,318,263,3/3,170,140,66,,,,,,,,,,,,,,,,,,,,,,,,,,,,,,,,,,,,,,,,,,,,,,,,,,,,,,,,,,,,,,,,
,,Unknown,IMIINT,251,Phantom,,0,0,,FALSE,0,0,0,0/3,0/5,,0,0,0,0,0,0,0,0,0/4,0,0,0,0,0/1,0,,,,,,,,,,,,,,,,,,,,,,,,,,,,,,,,,,,,,,,,,,,,,,,,,,,,,,,,,,,,,
immigenshop,116691433095823361,Yes,immigenICE,244,Arch Mage (I/L),213.58%,508,483,162,TRUE,0,0,0,0/3,3/5,,0,0,0,0,0,419,508,422,3/4,471,0,226,177,1/1,162,,,,,,,,,,,,,,,,,,,,,,,,,,,,,,,,,,,,,,,,,,,,,,,,,,,,,,,,,,,,,
ll9861,142912270060617728,Yes,IsekaiEBoy,260,Kinesis,515.79%,"2,457","2,334",399,TRUE,100,100,200,2/3,3/5,,"2,006",0,"1,429",0,"1,937","2,457","1,518",0,3/4,"1,300",0,"1,621","2,158",5/5,"1,377","1,482","1,264","1,238","1,533",3/3,,"1,538","1,272","1,474",3/4,3/4,"1,465",0,"1,343","1,195",100,0,100,100,5/5,5/5,"1,109","1,137","1,045","1,186","1,062",100,100,100,200,100,3/4,4/4,3/3,3/3,901,0,899,612,100,100,100,100,,295,310,392,,100,100,100,,,399,,,,100,,,
darkyoshimo,220394266470383616,Yes,jackcrevalle,272,Phantom,221.23%,"6,341","6,024","1,974",TRUE,800,"1,000","1,000",3/3,5/5,,"5,994","5,567","6,277","5,227","5,105","5,601","5,564","6,341",4/4,"6,152","5,822","5,337","5,112",5/5,"4,723","5,167","5,348","4,130","4,133",3/3,,"4,455","4,869","4,827",4/4,3/4,"4,695","4,640","4,340","3,816",0,650,650,"1,000",5/5,5/5,"3,698","4,023","3,942","3,495","3,650",800,400,"1,000","1,000",350,4/4,4/4,3/3,3/3,"3,762","2,100","2,896","2,983","1,000","1,000",800,"1,000",,"2,806","3,017","2,896",,800,"1,000","1,000",4/4,4/4,"2,690","2,477","2,446","2,257",650,"1,000",800,650
trashcan1259,283817445464997888,No,Jaded,244,Khali,575.76%,"2,676","2,542",396,FALSE,0,0,0,0/3,1/5,,0,0,0,"2,676",0,0,0,0,3/4,"1,834","1,561",0,"1,066",2/4,671,0,396,0,,,,,,,,,,,,,,,,,,,,,,,,,,,,,,,,,,,,,,,,,,,,,,,,,,,,,,,,,,
jasphiro,247196374771171330,Yes,Jasp,282,Kanna,179.81%,"14,413","13,692","5,151",TRUE,0,0,0,3/3,5/5,,"14,413","12,222","12,203","10,543","11,249","11,235","10,101","11,824",4/4,"12,580","10,329","8,260","10,147",5/5,"10,376","10,625","11,165","10,908","8,555",3/3,,"9,971","11,066","11,145",4/4,0/4,"11,410","10,827","10,698","9,637",0,0,0,0,4/5,0/5,"8,750","8,480",0,"9,325","9,274",0,0,0,0,0,4/4,0/4,2/3,0/3,"8,639","9,825","9,614","9,821",0,0,0,0,,"7,208","5,906",0,,0,0,0,1/4,0/4,"5,571",0,0,0,0,0,0,0
jco,138460474751582209,Unknown,JayPunz,260,Pathfinder,74.78%,"4,609","4,379","2,637",TRUE,0,0,0,0/3,2/5,,0,0,0,0,0,"4,609","4,247",0,2/4,0,"4,516","3,998",0,4/5,0,"4,320","3,770","3,578","3,666",0/3,,0,0,0,1/4,0/4,0,0,0,"2,637",0,0,0,0,0/1,0/1,0,,,,,0,,,,,,,,,,,,,,,,,,,,,,,,,,,,,,,,,,
joshnguyen,244232690058919937,Yes,jkuu,245,Shadower,63.55%,"1,086","1,032",664,FALSE,0,0,0,3/3,0/0,,"1,086",846,664,,,,,,,,,,,,,,,,,,,,,,,,,,,,,,,,,,,,,,,,,,,,,,,,,,,,,,,,,,,,,,,,,,,,,,,,,
joesip,528658743462854659,Unknown,Joesun,,,,0,0,,FALSE,0,0,0,0/1,0/0,,0,,,,,,,,,,,,,,,,,,,,,,,,,,,,,,,,,,,,,,,,,,,,,,,,,,,,,,,,,,,,,,,,,,,,,,,,,,,
kimnamjoo,168969427830833152,Unknown,Joohyo,,,0.00%,"1,063","1,010","1,063",FALSE,0,0,0,2/2,0/0,,"1,029","1,063",,,,,,,,,,,,,,,,,,,,,,,,,,,,,,,,,,,,,,,,,,,,,,,,,,,,,,,,,,,,,,,,,,,,,,,,,,
joseph7772,126172029387931649,Yes,Josep,259,Dawn Warrior,0.00%,"1,719","1,633","1,719",FALSE,0,0,0,3/3,0/0,,"1,657","1,349","1,719",,,,,,,,,,,,,,,,,,,,,,,,,,,,,,,,,,,,,,,,,,,,,,,,,,,,,,,,,,,,,,,,,,,,,,,,,
jumblywumbly,188406806442278912,Yes,JumbyWumby,241,Blade Master,0.00%,59,56,59,TRUE,0,0,0,0/3,0/5,,0,0,0,0,0,0,0,0,1/4,0,0,59,0,0/0,,,,,,,,,,,,,,,,,,,,,,,,,,,,,,,,,,,,,,,,,,,,,,,,,,,,,,,,,,,,,,
shiestysea,1079449404777439274,No,Juulia,253,Bishop,39.59%,"1,100","1,045",788,TRUE,0,100,100,3/3,5/5,,890,797,943,925,951,883,898,"1,100",4/4,910,805,847,960,5/5,967,982,945,964,906,3/3,,987,878,735,3/4,3/4,720,0,760,788,100,0,100,100,,,,,,,,,,,,,,,,,,,,,,,,,,,,,,,,,,,,,,,,,,
timahto,451244729796132874,Unknown,Kaisomi,254,Zero,880.00%,833,791,85,FALSE,0,0,0,0/3,0/5,,0,0,0,0,0,0,0,0,2/4,0,833,0,773,4/5,605,451,432,511,0,2/3,,362,448,0,2/4,0/4,0,369,0,222,0,0,0,0,2/4,0/4,0,143,0,85,,0,0,0,0,,,,,,,,,,,,,,,,,,,,,,,,,,,,,,,
janarc,236233624091885568,Yes,KaiUrangi,241,Hoyoung,92.41%,583,554,303,FALSE,0,0,0,2/3,4/5,,577,573,0,540,0,583,567,569,3/4,537,493,0,272,2/5,457,303,0,0,0,0/3,,0,0,0,0/4,0/4,0,0,0,0,0,0,0,0,0/4,0/4,0,0,0,0,,0,0,0,0,,,,,,,,,,,,,,,,,,,,,,,,,,,,,,,
Kamuratsu#9305,,Unknown,Kamulord,253,Night Lord,610.96%,"1,621","1,540",228,TRUE,0,0,0,3/3,5/5,,"1,621","1,356","1,325","1,061","1,602","1,449","1,417",997,4/4,"1,067",802,751,513,3/4,451,0,242,228,,,,,,,,,,,,,,,,,,,,,,,,,,,,,,,,,,,,,,,,,,,,,,,,,,,,,,,,,,
,,Unknown,Kasurei,250,Buccaneer,0.00%,559,531,559,TRUE,0,0,0,0/3,1/5,,0,0,0,0,0,0,0,483,3/3,526,498,559,,,,,,,,,,,,,,,,,,,,,,,,,,,,,,,,,,,,,,,,,,,,,,,,,,,,,,,,,,,,,,,,
zenply,652207278761443361,Unknown,Kenshin,262,Adele,28.44%,"3,410","3,240","2,655",TRUE,0,0,0,0/3,1/5,,0,0,0,0,0,0,0,"3,410",4/4,"3,356","3,391","3,165","2,999",5/5,"2,119","2,226","2,631","3,029","2,107",2/2,,"1,943","2,655",,,,,,,,,,,,,,,,,,,,,,,,,,,,,,,,,,,,,,,,,,,,,,,,,,,,,
slightlyboredguy,722975436564463628,Unknown,kilmech4,258,Zero,140.27%,"2,631","2,499","1,095",TRUE,100,200,300,3/3,5/5,,"2,366","2,023","2,165","2,055","2,015","2,294","2,631","2,387",4/4,"2,140","1,926","2,246","2,391",5/5,"2,295","2,271","2,185","1,787","1,639",3/3,,"1,767","1,694","1,241",4/4,4/4,"1,508","1,313","1,251","1,388",100,100,200,300,3/3,3/3,"1,084","1,107","1,095",,,200,100,100,,,,,,,,,,,,,,,,,,,,,,,,,,,,,,,,
kuhakuwu,119469410648850433,Unknown,Kuhakowo,238,Adele,157.04%,365,347,142,FALSE,0,0,0,3/3,0/0,,356,365,142,,,,,,,,,,,,,,,,,,,,,,,,,,,,,,,,,,,,,,,,,,,,,,,,,,,,,,,,,,,,,,,,,,,,,,,,,
singing_emoji,340848283242987521,No,LaraSing,247,Lara,28.57%,369,351,287,FALSE,0,0,0,2/3,0/0,,0,369,287,,,,,,,,,,,,,,,,,,,,,,,,,,,,,,,,,,,,,,,,,,,,,,,,,,,,,,,,,,,,,,,,,,,,,,,,,
whysongu,379416413896441877,Unknown,LeKawaii,261,Dawn Warrior,782.14%,494,469,56,FALSE,0,0,0,0/3,0/5,,0,0,0,0,0,0,0,0,0/4,0,0,0,0,2/5,359,494,0,0,0,0/3,,0,0,0,0/4,0/4,0,0,0,0,0,0,0,0,0/5,0/5,0,0,0,0,0,0,0,0,0,0,0/4,0/4,0/3,0/3,0,0,0,0,0,0,0,0,,0,0,0,,0,0,0,1/4,0/4,0,0,0,365,0,0,0,0
kuraichii,409853801223290892,Yes,Licii,251,Adele,58.49%,989,940,624,FALSE,200,100,200,0/3,0/5,,0,0,0,0,0,0,0,0,0/4,0,0,0,0,1/5,0,0,0,0,720,1/3,,733,0,0,0/4,0/4,0,0,0,0,0,0,0,0,5/5,4/5,887,928,926,863,989,0,100,100,100,100,4/4,4/4,2/3,2/3,874,747,516,755,100,100,200,100,,707,0,643,,100,0,100,4/4,4/4,746,741,680,579,100,100,200,100
jamesabroad,137357552504668160,No,Magliyab,255,Blaze Wizard,0.00%,"1,673","1,589","1,673",FALSE,0,0,0,0/3,0/5,,0,0,0,0,0,0,0,0,0/4,0,0,0,0,0/5,0,0,0,0,0,0/3,,0,0,0,1/4,0/4,0,"1,418",0,0,0,0,0,0,0/5,0/5,0,0,0,0,0,0,0,0,0,0,0/4,0/4,0/3,0/3,0,0,0,0,0,0,0,0,,0,0,0,,0,0,0,1/4,0/4,0,0,"1,673",0,0,0,0,0
fellinstern,305736038007963659,Yes,Memehat,270,Blade Master,204.59%,"5,175","4,916","1,699",TRUE,100,100,200,2/3,3/5,,"5,175",0,"4,537","3,854","4,262",0,"4,233",0,4/4,"4,393","4,137","3,868","3,820",5/5,"3,737","3,286","2,841","3,160","2,684",2/3,,"2,731",0,"2,542",3/4,3/4,0,"2,594","2,655","2,477",0,100,100,200,5/5,5/5,"2,501","2,401","2,304","2,187","2,236",100,100,100,100,100,2/4,3/4,2/3,2/3,0,"2,183","2,042",0,100,100,100,0,,0,"1,876","1,986",,0,100,100,3/4,4/4,0,"1,813","1,581","1,754",100,100,100,100
nuggetsfansincemay2023,1017593143195078699,Yes,MethFox,238,Shadower,36.77%,212,201,155,FALSE,0,0,0,2/3,0/1,,212,0,155,0,,,,,,,,,,,,,,,,,,,,,,,,,,,,,,,,,,,,,,,,,,,,,,,,,,,,,,,,,,,,,,,,,,,,,,,,
geiger6798,238927688985739264,Unknown,Meya,250,Night Walker,102.61%,"1,244","1,182",614,TRUE,100,0,0,1/3,4/5,,0,0,"1,244",947,"1,029",0,"1,024",934,2/4,0,0,"1,059",932,1/5,0,971,0,0,0,0/3,,0,0,0,0/4,0/4,0,0,0,0,0,0,0,0,3/5,1/5,0,679,726,0,697,0,100,0,0,0,2/4,1/4,0/3,0/3,602,614,0,0,0,0,100,0,,0,0,0,,0,0,0,,,,,,,,,,
jasonlazy,107290301114159104,Yes,moodmood,,,69.96%,"2,235","2,123","1,315",FALSE,0,0,0,2/2,0/0,,"2,235","1,315",,,,,,,,,,,,,,,,,,,,,,,,,,,,,,,,,,,,,,,,,,,,,,,,,,,,,,,,,,,,,,,,,,,,,,,,,,
ultraaardvark,228752573597876224,Yes,MorusofNorth,259,Night Lord,92.81%,"3,031","2,879","1,572",FALSE,0,100,0,2/3,3/5,,0,"3,031","3,002","2,857",0,0,"2,702","2,909",3/4,"2,798","2,753",0,"2,700",3/5,0,"2,574","2,637","1,500",0,3/3,,"2,370","2,507","1,720",2/3,1/3,"1,484",0,"1,572",,0,0,100,,,,,,,,,,,,,,,,,,,,,,,,,,,,,,,,,,,,,,,,,,,
trashcan1259,283817445464997888,No,Mushibloo,267,Buccaneer,112.06%,"9,038","8,586","4,262",FALSE,0,0,0,1/3,4/5,,0,0,"8,518","9,038","8,404","6,783",0,"7,250",2/4,"7,089",0,0,"7,319",4/5,"7,507",0,"7,043","6,837","6,459",2/3,,"7,354",0,"5,839",1/2,1/2,0,"5,410",,,0,800,,,,,,,,,,,,,,,,,,,,,,,,,,,,,,,,,,,,,,,,,,,,
trashcan1259,283817445464997888,Yes,Mushimoo,277,Adele,48.17%,"22,183","21,074","14,971",TRUE,"1,000","1,000","1,000",1/3,5/5,,0,0,"17,474","21,657","22,183","19,038","18,113","18,241",4/4,"17,957","17,314","18,021","17,784",2/5,"17,782",0,"15,363",0,0,2/3,,"16,662",0,"16,241",3/4,3/4,"15,635","16,600",0,"16,404","1,000",800,0,"1,000",5/5,4/5,"17,257","16,269","17,652","16,661","17,835",800,800,0,800,"1,000",4/4,4/4,3/3,3/3,"16,676","16,562","15,730","15,229","1,000",800,"1,000",800,,"14,617","16,334","15,509",,550,"1,000",650,4/4,3/4,"15,627","14,194","14,070","13,121",450,"1,000",650,0
polygon3879,308479702086189058,Yes,mxnarch,261,Lara,94.99%,"1,673","1,589",858,FALSE,0,100,0,2/3,0/5,,"1,673","1,480",0,0,0,0,0,0,0/4,0,0,0,0,1/5,0,0,0,"1,364",0,2/3,,"1,296",0,"1,565",3/4,0/4,0,"1,009","1,280","1,015",0,0,0,0,0/5,0/5,0,0,0,0,0,0,0,0,0,0,1/4,0/4,0/3,0/3,0,0,0,"1,093",0,0,0,0,,0,0,0,,0,0,0,4/4,1/4,969,"1,084","1,087",858,0,100,0,0
onyxgrey,99708633964613632,Yes,NanaFrog,244,Mihile,0.47%,214,203,213,FALSE,0,0,0,3/3,1/1,,204,138,214,213,,,,,,,,,,,,,,,,,,,,,,,,,,,,,,,,,,,,,,,,,,,,,,,,,,,,,,,,,,,,,,,,,,,,,,,,
rich.c,463366244888870912,Yes,Nigiri,266,Shadower,97.56%,"4,204","3,994","2,128",TRUE,0,0,0,3/3,5/5,,"3,994","4,159","4,196","3,681","4,089","3,966","3,958","4,204",3/4,"3,706",0,"4,036","3,093",5/5,"3,077","2,771","2,437","2,226","2,128",0/0,,,,,,,,,,,,,,,,,,,,,,,,,,,,,,,,,,,,,,,,,,,,,,,,,,,,,,,,
excelyde,82996274038575104,Unknown,Nihoho,259,Shadower,48.75%,955,907,642,TRUE,0,0,0,0/3,0/5,,0,0,0,0,0,0,0,0,2/4,0,0,868,597,3/3,955,710,642,,,,,,,,,,,,,,,,,,,,,,,,,,,,,,,,,,,,,,,,,,,,,,,,,,,,,,,,,,,
noobntrain,393140775699087362,Yes,NoobNTrainFP,230,Arch Mage (F/P),0.00%,111,105,111,FALSE,0,0,0,1/3,1/2,,78,0,0,0,111,,,,,,,,,,,,,,,,,,,,,,,,,,,,,,,,,,,,,,,,,,,,,,,,,,,,,,,,,,,,,,,,,,,,,,,
noobntrain,393140775699087362,No,NoobNTrainMM,225,Marksman,64.58%,79,75,48,FALSE,0,0,0,0/3,1/5,,0,0,0,0,0,0,0,79,2/4,0,66,0,48,0/1,0,,,,,,,,,,,,,,,,,,,,,,,,,,,,,,,,,,,,,,,,,,,,,,,,,,,,,,,,,,,,,
chronooo,128442423323000832,No,nosugja,235,Cadena,,0,0,,FALSE,0,0,0,0/3,0/1,,0,0,0,0,,,,,,,,,,,,,,,,,,,,,,,,,,,,,,,,,,,,,,,,,,,,,,,,,,,,,,,,,,,,,,,,,,,,,,,,
notalmighty,293257767916011520,Yes,NotAlmightyH,271,Hero,371.96%,"6,414","6,093","1,359",TRUE,100,100,250,3/3,5/5,,"6,206","6,414","6,386","6,249","5,974","5,665","5,735","5,621",4/4,"5,490","5,553","6,374","6,321",5/5,"6,203","6,183","5,998","5,650","4,551",3/3,,"4,865","4,897","4,734",4/4,4/4,"4,824","4,674","4,395","4,467",100,100,100,250,5/5,5/5,"4,042","3,398","3,533","3,078","3,179",100,100,100,100,100,4/4,3/4,3/3,3/3,"2,833","2,982","2,725","2,610",100,100,0,100,,"1,989","2,249","2,100",,100,100,100,4/4,4/4,"1,983","2,019","1,852","1,635",100,100,100,100
xynh,148185453235929088,Yes,OneRedSky,260,Shadower,111.16%,"2,517","2,391","1,192",TRUE,0,0,0,2/3,3/5,,"2,449","2,379",0,0,0,"2,043","2,225","2,517",4/4,"2,375","1,995","1,943","1,871",5/5,"1,686","1,604","1,400","1,402","1,192",0/0,,,,,,,,,,,,,,,,,,,,,,,,,,,,,,,,,,,,,,,,,,,,,,,,,,,,,,,,
hedgehoggo,268590686834524160,No,OPsuperduper,256,Marksman,121.61%,"2,666","2,533","1,203",TRUE,100,450,550,3/3,5/5,,"2,262","1,725","2,498","1,935","1,879","1,829","1,959","1,937",3/4,892,0,"2,177","1,210",4/5,"1,834","1,193","2,002",0,"2,666",3/3,,"1,598",889,"1,778",2/4,2/4,0,"1,593",0,"1,689",0,100,0,450,5/5,5/5,958,"2,134","2,483","2,124","1,676",350,100,300,400,100,3/4,4/4,3/3,3/3,"2,313","2,342","2,171",0,450,550,100,200,,"1,895","1,783","2,358",,100,200,250,4/4,4/4,"1,669","1,003","1,236","1,149",100,100,100,100
potatoyo7,199994373377753088,Unknown,OreotheSnowy,235,Shadower,0.00%,111,105,111,FALSE,0,0,0,0/3,1/4,,0,0,0,0,0,0,111,,,,,,,,,,,,,,,,,,,,,,,,,,,,,,,,,,,,,,,,,,,,,,,,,,,,,,,,,,,,,,,,,,,,,
pbop1514,228318554489880587,No,Pbops,231,Adele,28.13%,287,273,224,FALSE,0,0,0,0/3,1/5,,0,0,0,0,0,287,0,0,2/4,286,0,0,277,2/3,230,0,224,,,,,,,,,,,,,,,,,,,,,,,,,,,,,,,,,,,,,,,,,,,,,,,,,,,,,,,,,,,
daivyy,227630373847171082,Yes,PlayerDavid,254,Buccaneer,48.46%,"2,126","2,020","1,432",TRUE,100,0,0,0/3,1/5,,0,0,0,0,0,0,0,"2,126",1/4,0,0,"1,506",0,1/5,0,0,"1,671",0,0,1/3,,0,"1,557",0,2/4,0/4,0,"1,025",0,"1,448",0,0,0,0,2/5,0/5,0,0,"1,708",0,"1,639",0,0,0,0,0,2/3,1/3,,,0,"1,373","1,432",,0,0,100,,,,,,,,,,,,,,,,,,,
turtlestwizard,191289337562923009,Unknown,ponkamog123,255,Blaster,465.54%,"2,347","2,230",415,TRUE,100,100,100,3/3,3/5,,"2,347","2,285","2,239",0,"2,148","2,016",0,"1,272",4/4,"1,946","1,730","1,549","1,466",5/5,"1,453","1,235","1,216",963,881,3/3,,"1,023",953,949,3/4,3/4,832,0,735,649,100,0,100,100,5/5,5/5,616,510,666,619,488,100,100,100,100,100,4/4,4/4,2/2,2/2,457,519,365,415,100,100,100,100,,317,415,,,100,100,,,,,,,,,,,
mysterion__,167717014029205504,Yes,Profondr,256,Buccaneer,1460.94%,"1,998","1,898",128,TRUE,0,0,0,3/3,5/5,,"1,998","1,234","1,373","1,349","1,306","1,541","1,194","1,225",4/4,"1,120","1,058",945,743,4/5,728,591,534,0,322,1/2,,0,128,,,,,,,,,,,,,,,,,,,,,,,,,,,,,,,,,,,,,,,,,,,,,,,,,,,,,
kylekazee,114503078819921922,Unknown,Qiingong,,,0.00%,148,141,148,FALSE,0,0,0,1/1,0/0,,148,,,,,,,,,,,,,,,,,,,,,,,,,,,,,,,,,,,,,,,,,,,,,,,,,,,,,,,,,,,,,,,,,,,,,,,,,,,
theoriginalmepole,315300881279090688,No,QuantumMech,250,Mechanic,0.00%,"1,080","1,026","1,080",FALSE,0,0,0,0/3,1/4,,0,0,0,0,"1,080",0,0,,,,,,,,,,,,,,,,,,,,,,,,,,,,,,,,,,,,,,,,,,,,,,,,,,,,,,,,,,,,,,,,,,,,,
chrisqt,282967135821758466,Yes,Quiboii,272,Buccaneer,335.43%,"7,768","7,380","1,784",TRUE,300,450,300,3/3,5/5,,"7,667","7,768","7,035","7,033","7,418","6,814","6,706","7,099",4/4,"7,691","7,226","7,338","6,999",5/5,"6,053","6,556","6,334","6,421","5,677",3/3,,"5,029","4,214","4,400",3/4,3/4,"5,058","4,183","4,906",0,250,250,250,0,4/5,5/5,"5,078",0,"4,722","4,855","4,830",250,250,400,100,300,4/4,4/4,3/3,3/3,"4,449","4,242","4,365","4,011",450,100,200,300,,"3,992","3,523","2,949",,100,400,300,4/4,4/4,"2,748","2,578","1,660","1,178",100,100,250,100
raiders4447,621559916078825500,Unknown,Raiders714,260,Night Lord,72.07%,"4,307","4,092","2,503",TRUE,0,0,0,3/3,5/5,,"4,307","3,289","3,226","3,089","2,366","2,853","3,353","2,924",4/4,"2,854","2,112","1,973","2,331",2/2,"1,836","2,503",,,,,,,,,,,,,,,,,,,,,,,,,,,,,,,,,,,,,,,,,,,,,,,,,,,,,,,,,,,,
,,Yes,RankedDemon,220,Demon Slayer,,0,0,,FALSE,0,0,0,0/3,0/5,,0,0,0,0,0,0,0,0,0/1,0,,,,,,,,,,,,,,,,,,,,,,,,,,,,,,,,,,,,,,,,,,,,,,,,,,,,,,,,,,,,,,,,,,
.sungod,97884429887754240,Yes,Rebootylover,241,Phantom,94.39%,762,724,392,TRUE,0,0,0,3/3,5/5,,762,467,629,280,709,373,431,291,3/3,469,502,392,,,,,,,,,,,,,,,,,,,,,,,,,,,,,,,,,,,,,,,,,,,,,,,,,,,,,,,,,,,,,,,,
JakeFromStatefarm#0297,,No,RelsKanna,245,Kanna,50.00%,861,818,574,TRUE,100,100,200,3/3,3/5,,825,841,644,861,0,548,0,723,2/4,0,713,569,0,1/5,0,0,0,601,0,2/3,,697,0,546,2/4,2/4,612,599,0,0,0,250,100,0,4/5,5/5,735,608,613,611,0,200,100,100,100,100,4/4,4/4,1/3,2/3,552,625,490,553,100,100,100,100,,0,508,0,,100,100,0,3/4,3/4,614,0,557,500,100,0,100,100
lottieturtle,,Yes,ReMasterMage,246,Battle Mage,0.00%,920,874,920,FALSE,0,100,100,0/3,0/5,,0,0,0,0,0,0,0,0,0/4,0,0,0,0,0/5,0,0,0,0,0,0/3,,0,0,0,2/4,2/4,0,0,607,772,0,0,100,100,0/5,0/5,0,0,0,0,0,0,0,0,0,0,0/4,0/4,0/3,0/3,0,0,0,0,0,0,0,0,,0,0,0,,0,0,0,0/4,0/4,0,0,0,0,0,0,0,0
chronooo,128442423323000832,No,RentALoser,200,Shadower,,0,0,,FALSE,,,,0/3,0/0,,0,0,0,,,,,,,,,,,,,,,,,,,,,,,,,,,,,,,,,,,,,,,,,,,,,,,,,,,,,,,,,,,,,,,,,,,,,,,,,
a_loner,364412135050313733,No,ritsqq,276,Bishop,119.28%,"9,929","9,433","4,528",TRUE,550,800,800,3/3,5/5,,"9,613","7,046","9,611","9,318","9,375","9,929","9,522","9,091",4/4,"9,300","8,816","8,220","6,988",5/5,"8,200","9,082","8,441","7,014","7,189",3/3,,"7,075","9,006","7,577",4/4,4/4,"7,026","8,297","6,617","6,368",800,350,550,350,5/5,5/5,"6,366","6,643","7,159","7,166","6,799",300,450,650,400,450,4/4,4/4,3/3,2/3,"6,271","5,683","4,318","4,525",800,550,550,650,,"4,109","5,145","4,130",,300,800,0,4/4,4/4,"4,487","3,993","1,792","4,274",350,800,300,450
roffaboys,,Yes,RoffaboySNL,287,Night Lord,119.85%,"23,856","22,663","10,851",TRUE,100,250,100,3/3,5/5,,"23,053","22,257","21,090","21,082","23,856","21,445","22,149","20,338",4/4,"20,031","21,687","20,481","21,869",5/5,"20,933","21,095","21,752","18,069","19,780",2/3,,"18,458",0,"17,318",4/4,4/4,"17,976","16,754","15,288","15,760",100,100,100,100,5/5,5/5,"15,714","16,343","14,197","16,266","14,678",100,100,100,100,100,4/4,4/4,2/3,2/3,"15,935","14,847","15,727","13,074",250,100,100,100,,"14,079",0,"13,652",,100,0,100,4/4,3/4,"5,837","11,765","9,153","11,767",100,100,0,100
romansnowman,,Yes,RomanKhali,237,Khali,53.13%,49,47,32,FALSE,0,0,0,0/3,0/5,,0,0,0,0,0,0,0,0,0/4,0,0,0,0,2/2,49,32,,,,,,,,,,,,,,,,,,,,,,,,,,,,,,,,,,,,,,,,,,,,,,,,,,,,,,,,,,,,
rexavert,118075423463702528,Yes,Rxvrt,257,Dawn Warrior,2358.14%,"1,057","1,004",43,TRUE,0,0,0,0/3,4/5,,0,0,0,0,762,"1,057","1,012","1,041",3/4,630,630,483,0,5/5,381,207,278,148,133,1/1,,43,,,,,,,,,,,,,,,,,,,,,,,,,,,,,,,,,,,,,,,,,,,,,,,,,,,,,,
pumpedchef,208518970859454464,Unknown,Rykase,,,0.00%,698,663,698,FALSE,0,0,0,1/1,0/0,,698,,,,,,,,,,,,,,,,,,,,,,,,,,,,,,,,,,,,,,,,,,,,,,,,,,,,,,,,,,,,,,,,,,,,,,,,,,,
trashcan1259,283817445464997888,No,Saccharify,277,277,5.17%,"10,402","9,882","9,891",TRUE,0,0,0,0/3,1/5,,0,0,0,0,"10,402",0,0,0,3/4,"8,702","9,467","8,578",0,1/5,"8,603",0,0,0,0,2/3,,0,"8,657","8,738",1/4,0/4,0,0,0,"9,891",0,0,0,0,,,,,,,,,,,,,,,,,,,,,,,,,,,,,,,,,,,,,,,,,,
zweihandr,192851600727867392,Yes,SaintZwei,253,Bishop,577.69%,881,837,130,TRUE,0,0,0,0/3,4/5,,0,0,0,0,881,875,706,527,4/4,545,453,416,458,4/4,280,162,240,130,,,,,,,,,,,,,,,,,,,,,,,,,,,,,,,,,,,,,,,,,,,,,,,,,,,,,,,,,,
scarab.lord,,Yes,ScarabLord,280,Kanna,0.00%,"1,664","1,581","1,664",TRUE,0,0,0,0/3,0/5,,0,0,0,0,0,0,0,0,3/4,0,638,839,"1,664",,,,,,,,,,,,,,,,,,,,,,,,,,,,,,,,,,,,,,,,,,,,,,,,,,,,,,,,,,,,,,,
seiina,74145025641943040,Yes,Seiinaa,254,Angelic Buster,96.06%,"2,088","1,984","1,065",FALSE,0,100,300,0/3,0/5,,0,0,0,0,0,0,0,0,0/4,0,0,0,0,3/5,0,"1,787","1,817","1,191",0,1/3,,0,"2,070",0,3/4,0/4,"2,088",0,"2,021","1,853",0,0,0,0,3/5,1/5,0,0,"1,722","1,689","1,589",0,0,100,0,0,3/3,2/3,,,"1,424","1,203","1,065",,100,300,0,,,,,,,,,,,,,,,,,,,
xeunie,196528329359228928,No,Senwol,250,Night Walker,0.00%,536,509,536,FALSE,0,0,0,0/3,0/5,,0,0,0,0,0,0,0,0,0/4,0,0,0,0,1/3,0,0,536,,,,,,,,,,,,,,,,,,,,,,,,,,,,,,,,,,,,,,,,,,,,,,,,,,,,,,,,,,,
seroknot,161224768400523264,Yes,Seroknot,275,Kaiser,64.39%,"5,673","5,389","3,451",TRUE,0,0,0,0/3,0/5,,0,0,0,0,0,0,0,0,1/4,0,0,"2,915",0,2/5,"5,673","4,725",0,0,0,0/3,,0,0,0,0/4,0/4,0,0,0,0,0,0,0,0,0/5,0/5,0,0,0,0,0,0,0,0,0,0,0/4,0/4,0/3,0/3,0,0,0,0,0,0,0,0,,0,0,0,,0,0,0,0/4,0/4,0,0,0,0,0,0,0,0
darkyoshimo,220394266470383616,No,Shadey580,250,Shade,24.28%,343,326,276,TRUE,0,0,0,0/3,4/5,,0,0,0,292,0,292,273,291,3/4,0,317,343,318,4/5,328,336,279,0,276,0/0,,,,,,,,,,,,,,,,,,,,,,,,,,,,,,,,,,,,,,,,,,,,,,,,,,,,,,,,
ShadowJosh#2021,,Yes,ShadowTheifs,251,Blade Master,46.63%,"1,239","1,177",845,TRUE,0,0,0,3/3,5/5,,"1,239","1,031",793,798,833,859,779,618,4/4,824,679,786,845,,,,,,,,,,,,,,,,,,,,,,,,,,,,,,,,,,,,,,,,,,,,,,,,,,,,,,,,,,,,,,,
jasphiro,247196374771171330,No,SHAWNMENDESS,258,Dawn Warrior,23.69%,"1,979","1,880","1,600",TRUE,0,0,0,0/3,0/5,,0,0,0,0,0,0,0,0,1/4,0,0,"1,979",0,2/5,0,"1,552",0,0,"1,534",3/3,,"1,327","1,248","1,029",1/4,0/4,"1,457",0,0,0,0,0,0,0,1/5,0/5,0,0,0,904,0,0,0,0,0,0,0/4,0/4,0/3,0/3,0,0,0,0,0,0,0,0,,0,0,0,,0,0,0,1/4,0/4,0,"1,600",0,0,0,0,0,0
rich.c,463366244888870912,No,Shinomi,260,Dawn Warrior,256.29%,"3,652","3,469","1,025",TRUE,0,100,100,3/3,5/5,,"3,618","3,426","3,488","3,044","3,346","3,053","3,027","3,384",3/4,"3,425",0,"3,652","2,976",4/5,"2,604",0,"2,260","1,735","1,734",2/3,,"1,751","1,848",0,4/4,3/4,"1,237","1,319","1,063",941,100,0,100,100,1/1,1/1,"1,025",,,,,100,,,,,,,,,,,,,,,,,,,,,,,,,,,,,,,,,,
arty.churro,,Yes,Singuled,276,Adele,60.77%,"10,722","10,186","6,669",TRUE,400,0,350,2/3,4/5,,0,"10,290","9,895","9,443","9,492","9,309",0,"9,311",3/4,"10,034",0,"10,058","10,722",3/5,"6,485","7,776",0,0,"7,202",2/3,,"8,114","7,809",0,2/4,0/4,0,"8,268",0,"5,545",0,0,0,0,2/5,2/5,"7,009",0,0,0,"5,851",350,0,0,0,400,3/4,1/4,,,"7,597",0,"6,328","6,669",0,0,300,0,,,,,,,,,,,,,,,,,,
albysus,213960789319483394,Yes,SnowyAlby,260,Dawn Warrior,0.00%,713,,713,FALSE,0,0,0,0/3,2/5,,0,0,0,0,584,0,603,0,1/1,713,,,,,,,,,,,,,,,,,,,,,,,,,,,,,,,,,,,,,,,,,,,,,,,,,,,,,,,,,,,,,,,,,,
albysus,213960789319483394,No,SnowyHero,241,Hero,8.00%,243,231,225,FALSE,0,0,0,0/3,3/5,,0,0,0,0,199,243,0,205,1/4,0,0,0,225,,,,,,,,,,,,,,,,,,,,,,,,,,,,,,,,,,,,,,,,,,,,,,,,,,,,,,,,,,,,,,,
voidluifer,393249487402827776,No,Speculatory,252,Xenon,4.02%,"2,664","2,531","2,561",FALSE,0,0,650,0/3,0/5,,0,0,0,0,0,0,0,0,0/4,0,0,0,0,1/5,0,0,0,0,"2,599",1/3,,"2,447",0,0,2/3,2/3,"2,664",0,"2,561",,650,450,0,,,,,,,,,,,,,,,,,,,,,,,,,,,,,,,,,,,,,,,,,,,
carlo97,,Unknown,starthrow120,260,Night Lord,34.69%,"6,286","5,972","4,667",TRUE,0,0,0,1/3,4/5,,0,"5,837",0,"4,568","5,121","4,506",0,"5,271",3/4,"6,030","4,218","6,286",0,2/3,"4,146",0,"4,667",,,,,,,,,,,,,,,,,,,,,,,,,,,,,,,,,,,,,,,,,,,,,,,,,,,,,,,,,,,
_aurorafae,213621704407121920,No,SunlitSonata,255,Phantom,16.08%,"1,819",,"1,567",FALSE,0,0,0,3/3,5/5,,"1,790","1,819","1,753","1,579","1,760","1,579","1,743","1,413",1/1,"1,567",,,,,,,,,,,,,,,,,,,,,,,,,,,,,,,,,,,,,,,,,,,,,,,,,,,,,,,,,,,,,,,,,,
genshin.impact,,Yes,SunnySword,240,Dawn Warrior,37.02%,718,682,524,TRUE,0,0,0,0/3,0/5,,0,0,0,0,0,0,0,0,3/4,0,317,718,359,3/3,493,662,524,,,,,,,,,,,,,,,,,,,,,,,,,,,,,,,,,,,,,,,,,,,,,,,,,,,,,,,,,,,
blvckzilla,207998506714005505,Yes,Svenreed,270,Blade Master,103.03%,"5,157","4,899","2,540",TRUE,100,100,100,3/3,2/5,,"4,955","5,083","3,871","4,130",0,"4,671",0,0,4/4,"5,157","5,007","5,143","5,091",5/5,"4,352","4,648","4,586","4,169","4,130",2/3,,"4,325","3,404",0,1/4,0/4,0,0,"3,496",0,0,0,0,0,4/5,2/5,0,"3,625","3,595","3,477","3,585",0,0,100,0,100,2/4,2/4,1/3,0/3,"2,782","2,809",0,0,100,100,0,0,,0,"3,210",0,,0,0,0,0/4,0/4,0,0,0,0,0,0,0,0
sweatyviet,157614622323507201,No,SweatyHero,251,Hero,304.28%,"3,966","3,768",981,TRUE,0,300,400,3/3,5/5,,"3,966","3,876","3,470","3,604","2,735","2,852","2,890","3,100",4/4,"3,212","3,056","2,677","2,626",5/5,"2,663","2,286","2,302","1,853","1,883",3/3,,"1,866","1,915","1,821",3/3,3/3,"1,632","1,077",981,,400,100,300,,,,,,,,,,,,,,,,,,,,,,,,,,,,,,,,,,,,,,,,,,,
sweatyviet,157614622323507201,Yes,SweatyViet,274,Adele,143.15%,"11,117","10,561","4,572",TRUE,250,450,350,3/3,5/5,,"11,117","10,561","10,112","9,570","9,856","9,853","9,002","9,796",4/4,"9,231","8,367","7,910","8,650",5/5,"8,031","7,985","7,937","7,207","7,003",3/3,,"7,356","7,695","7,389",4/4,4/4,"7,003","6,526","6,209","5,302",350,250,450,100,5/5,5/5,"5,222","5,785","5,263","5,063","4,572",100,200,100,100,250,0/0,0/0,,,,,,,,,,,,,,,,,,,,,,,,,,,,
sweatyviet,157614622323507201,No,SweatyWA,247,Wind Archer,181.49%,"1,627","1,546",578,TRUE,0,0,0,3/3,5/5,,"1,601","1,627","1,556","1,377","1,519","1,460","1,349","1,244",4/4,"1,123",970,928,775,2/2,683,578,,,,,,,,,,,,,,,,,,,,,,,,,,,,,,,,,,,,,,,,,,,,,,,,,,,,,,,,,,,,
Tony#7445,,Yes,Swordayonly,238,Adele,558.82%,672,638,102,TRUE,0,0,0,2/3,3/5,,672,0,313,0,267,284,254,0,3/3,244,180,102,,,,,,,,,,,,,,,,,,,,,,,,,,,,,,,,,,,,,,,,,,,,,,,,,,,,,,,,,,,,,,,,
nubskii,282966925519093761,Yes,TBio,270,Thunder Breaker,1899.26%,"5,378","5,109",269,TRUE,300,300,350,3/3,5/5,,"5,125","5,192","5,378","5,022","5,012","4,928","4,674","4,725",4/4,"4,961","4,557","3,298","4,677",5/5,"4,280","4,305","3,753","3,988","3,205",3/3,,"3,068","3,043","2,930",4/4,4/4,"2,940","2,714","2,493","2,640",200,250,200,250,5/5,5/5,"2,506","2,599","2,694","2,700","2,537",350,100,300,300,300,4/4,4/4,3/3,3/3,"2,327","2,022","2,153","1,976",300,350,250,300,,"1,315","1,024",915,,200,250,200,4/4,4/4,844,695,635,299,200,100,100,100
Keanu11#1346,,Yes,Th0wShade,205,Shade,272.22%,134,127,36,FALSE,0,0,0,3/3,1/2,,134,82,62,36,0,,,,,,,,,,,,,,,,,,,,,,,,,,,,,,,,,,,,,,,,,,,,,,,,,,,,,,,,,,,,,,,,,,,,,,,
hyrullein,339318753332428814,Yes,Thina,261,Xenon,533.66%,"3,200","3,040",505,TRUE,100,100,100,3/3,5/5,,"3,131","2,989","3,200","2,861","2,739","2,433","2,169","2,947",4/4,"2,589","2,710","2,217","2,171",4/5,"1,805",0,"1,831","2,132",915,3/3,,"1,551","1,503","1,316",4/4,2/4,"1,631","1,132","1,291","1,148",0,100,0,100,4/5,4/5,0,"1,057","1,092",965,994,0,100,100,100,100,4/4,4/4,2/3,2/3,962,"1,008",559,684,100,100,100,100,,558,0,524,,100,0,100,3/4,2/4,792,421,0,592,100,100,0,0
liito14,186319902548819968,Unknown,Tigir,233,Khali,165.96%,250,238,94,FALSE,0,0,0,0/3,0/5,,0,0,0,0,0,0,0,0,0/4,0,0,0,0,4/5,250,189,219,0,94,,,,,,,,,,,,,,,,,,,,,,,,,,,,,,,,,,,,,,,,,,,,,,,,,,,,,,,,,
itooclassy,317491426588098561,Unknown,Toful3l3,264,Pathfinder,81.35%,"2,334","2,217","1,287",TRUE,0,0,0,0/3,1/5,,0,0,0,0,0,0,855,0,1/4,0,0,"2,334",0,2/5,0,"1,426","1,543",0,0,0/3,,0,0,0,0/4,0/4,0,0,0,0,0,0,0,0,0/5,0/5,0,0,0,0,0,0,0,0,0,0,0/4,0/4,0/3,0/3,0,0,0,0,0,0,0,0,,0,0,0,,0,0,0,0/4,0/4,0,0,0,0,0,0,0,0
yesterday,135529683449151489,Yes,Tomorrow,250,Shadower,,0,0,,FALSE,0,0,0,0/3,0/5,,0,0,0,0,0,0,0,0,0/4,0,0,0,0,0/4,0,0,0,0,,,,,,,,,,,,,,,,,,,,,,,,,,,,,,,,,,,,,,,,,,,,,,,,,,,,,,,,,,
kaiser22_,235858623710887939,Yes,tuffasf,257,Hero,204.51%,"3,173","3,014","1,042",TRUE,0,0,0,0/3,4/5,,0,0,0,0,"2,023","2,795","2,544","1,972",4/4,"3,156","3,173","2,259","1,828",3/5,0,"1,510",0,"1,278",882,3/3,,758,941,"1,042",,,,,,,,,,,,,,,,,,,,,,,,,,,,,,,,,,,,,,,,,,,,,,,,,,,,
Lyndon#5594,,Unknown,Tulinel,254,Night Lord,26.17%,"1,697","1,612","1,345",TRUE,0,0,0,2/3,4/5,,0,"1,671",882,"1,048","1,103","1,102",0,"1,697",2/4,0,0,"1,294","1,576",2/2,"1,413","1,345",,,,,,,,,,,,,,,,,,,,,,,,,,,,,,,,,,,,,,,,,,,,,,,,,,,,,,,,,,,,
tsukiyukimiyako,671158508850380832,No,uoooooooh,255,Buccaneer,101.95%,"1,450","1,378",718,TRUE,0,0,0,3/3,5/5,,"1,249","1,450","1,290","1,101","1,281","1,306",641,717,4/4,769,952,900,718,,,,,,,,,,,,,,,,,,,,,,,,,,,,,,,,,,,,,,,,,,,,,,,,,,,,,,,,,,,,,,,
jibber3090,720718502859767848,Yes,vDrknite,250,Dark Knight,526.27%,739,702,118,TRUE,0,0,0,1/3,5/5,,672,0,0,655,739,719,693,730,4/4,683,554,466,415,5/5,324,302,217,166,154,1/1,,118,,,,,,,,,,,,,,,,,,,,,,,,,,,,,,,,,,,,,,,,,,,,,,,,,,,,,,
vyndrenor,233674314107453440,No,VynYang,,,,0,0,,FALSE,0,0,0,0/1,0/0,,0,,,,,,,,,,,,,,,,,,,,,,,,,,,,,,,,,,,,,,,,,,,,,,,,,,,,,,,,,,,,,,,,,,,,,,,,,,,
vyndrenor,233674314107453440,Yes,Wattsvyn,260,Arch Mage (I/L),120.16%,"3,221","3,060","1,463",TRUE,0,0,0,2/3,3/5,,"2,410",0,"3,221","2,799","2,104","1,674",0,0,3/4,0,"2,611","2,085","1,954",,,,,,,,,,,,,,,,,,,,,,,,,,,,,,,,,,,,,,,,,,,,,,,,,,,,,,,,,,,,,,,
whozawat,101140442191532032,Unknown,WhoDawn,270,Dawn Warrior,341.19%,"4,584","4,355","1,039",FALSE,250,400,400,0/3,0/5,,0,0,0,0,0,0,0,0,0/4,0,0,0,0,5/5,"4,366","4,481","4,584","4,426","3,830",3/3,,"4,148","4,213","4,199",4/4,4/4,"4,346","4,247","4,105","3,457",250,250,300,400,5/5,5/5,"3,313","3,158","3,361","3,393","3,193",200,250,400,250,250,4/4,4/4,3/3,3/3,"3,171","2,454","2,270","2,241",350,250,250,300,,"1,771","1,782","1,829",,200,300,100,4/4,4/4,"1,410","1,255","1,340","1,346",100,300,100,100
jasky,132947691809275904,Yes,WorldREEEEE,228,Hero,346.88%,143,136,32,FALSE,0,0,0,1/3,2/5,,0,0,143,0,127,0,0,127,0/4,0,0,0,0,1/2,0,32,,,,,,,,,,,,,,,,,,,,,,,,,,,,,,,,,,,,,,,,,,,,,,,,,,,,,,,,,,,,
xelnova,161190341997756416,Yes,Xelaneer,235,Buccaneer,,0,0,,FALSE,0,0,0,0/2,0/0,,0,0,,,,,,,,,,,,,,,,,,,,,,,,,,,,,,,,,,,,,,,,,,,,,,,,,,,,,,,,,,,,,,,,,,,,,,,,,,
shishi9851,108730938501955584,Unknown,xUwUBooUwUXD,250,Mihile,29.62%,687,653,530,FALSE,100,100,100,0/3,0/5,,0,0,0,0,0,0,0,0,0/4,0,0,0,0,0/5,0,0,0,0,0,2/3,,0,617,610,4/4,4/4,608,594,636,526,100,100,100,100,5/5,5/5,524,687,583,600,592,100,100,100,100,100,1/1,1/1,,,530,,,,100,,,,,,,,,,,,,,,,,,,,,
florence331,277589378375876609,Unknown,zero0skills,253,Zero,52.41%,221,210,145,FALSE,100,0,100,0/3,0/5,,0,0,0,0,0,0,0,0,0/4,0,0,0,0,0/5,0,0,0,0,0,2/3,,0,221,189,2/4,1/4,195,0,0,184,0,0,0,100,2/2,1/2,155,145,,,,0,100,,,,,,,,,,,,,,,,,,,,,,,,,,,,,,,,,
zlogesky,,Yes,zloge,245,Adele,38.69%,785,746,566,FALSE,0,0,0,2/2,0/0,,785,566,,,,,,,,,,,,,,,,,,,,,,,,,,,,,,,,,,,,,,,,,,,,,,,,,,,,,,,,,,,,,,,,,,,,,,,,,,
,,,,,,,,,,,,,,,,,,,,,,,,,,,,,,,,,,,,,,,,,,,,,,,,,,,,,,,,,,,,,,,,,,,,,,,,,,,,,,,,,,,,,,,,,,,,
,,,,,,,,,,,,,,,,,,,,,,,,,,,,,,,,,,,,,,,,,,,,,,,,,,,,,,,,,,,,,,,,,,,,,,,,,,,,,,,,,,,,,,,,,,,,
,,,,,,,,,,,,,,,,,,,,,,,,,,,,,,,,,,,,,,,,,,,,,,,,,,,,,,,,,,,,,,,,,,,,,,,,,,,,,,,,,,,,,,,,,,,,
,,,,,,,,,,,,,,,,,,,,,,,,,,,,,,,,,,,,,,,,,,,,,,,,,,,,,,,,,,,,,,,,,,,,,,,,,,,,,,,,,,,,,,,,,,,,
,,,,,,,,,,,,,,,,,,,,,,,,,,,,,,,,,,,,,,,,,,,,,,,,,,,,,,,,,,,,,,,,,,,,,,,,,,,,,,,,,,,,,,,,,,,,
,,,,,,,,,,,,,,,,,,,,,,,,,,,,,,,,,,,,,,,,,,,,,,,,,,,,,,,,,,,,,,,,,,,,,,,,,,,,,,,,,,,,,,,,,,,,
,,,,,,,Main,,86,,,,,,,,,,,,,,,,,,,,,,,,,,,,,,,,,,,,,,,,,,,,,,,,,,,,,,,,,,,,,,,,,,,,,,,,,,,,,,,,,,,
,,,,,,,Sub Main,,44,,,,,,,,,,,,,,,,,,,,,,,,,,,,,,,,,,,,,,,,,,,,,,,,,,,,,,,,,,,,,,,,,,,,,,,,,,,,,,,,,,,
,,,,,,,Unknown,,47,,,,,,,,,,,,,,,,,,,,,,,,,,,,,,,,,,,,,,,,,,,,,,,,,,,,,,,,,,,,,,,,,,,,,,,,,,,,,,,,,,,
